combo,site,mean,q025,q975
isb - blood,1,7.022878937755055e-5,8.218432312450623e-6,1.9946991615218363e-4
isb - blood,2,3.672053573583414e-5,1.0693701139472812e-6,1.351230130067852e-4
isb - blood,4,-0.0011832567131762827,-0.004373546391782701,-2.734574181960247e-5
isb - blood,5,1.030086243330568e-4,1.9669425333625743e-5,2.5458251887550137e-4
isb - blood,6,3.6664303750648196e-5,1.1033351216985884e-6,1.349614921495609e-4
isb - blood,7,3.646238278974807e-5,1.079269937834951e-6,1.3455326005594245e-4
isb - blood,8,6.941847083375902e-5,7.982778360495122e-6,1.9704874460840465e-4
isb - blood,9,-0.0011896227343205464,-0.004401906019584291,-2.7297856965478665e-5
isb - blood,10,6.972511048256487e-5,7.956880452830655e-6,1.9691864668925862e-4
isb - blood,11,-7.810783982133572e-4,-0.00400138643931266,4.514631461267984e-4
isb - blood,12,3.654683943961031e-5,1.05196372497515e-6,1.3498782227312105e-4
isb - blood,15,3.6549208809899654e-5,1.1127164573571494e-6,1.353981314918127e-4
isb - blood,16,6.96059305674671e-5,8.076812249945897e-6,1.9813944774652444e-4
isb - blood,17,1.0302933765964155e-4,1.9876182312262804e-5,2.543373394527453e-4
isb - blood,18,6.994908045400293e-5,8.251040245797495e-6,1.9671367740313158e-4
isb - blood,19,3.648363494552752e-5,1.0714905736892614e-6,1.3381296756469164e-4
isb - blood,22,3.678384443624197e-5,1.1562010357327706e-6,1.3549532380038496e-4
isb - blood,23,-0.0011786344843253873,-0.004379655846739343,-2.7400869789225367e-5
isb - blood,24,3.639271627687923e-5,1.079430366212486e-6,1.3363092993722402e-4
isb - blood,25,1.0285209576306043e-4,1.9944021806361527e-5,2.54184888575177e-4
isb - blood,26,6.999956714457449e-5,7.906212673355262e-6,1.9844760997404684e-4
isb - blood,27,1.694862900340283e-4,4.8824931173829056e-5,3.5752912217722123e-4
isb - blood,28,1.030716128705454e-4,1.97932464845315e-5,2.541110869694719e-4
isb - blood,29,6.958498265552534e-5,8.224370318582358e-6,1.9787224357713872e-4
isb - blood,30,6.984336160343189e-5,8.154769564717271e-6,1.9843497528693432e-4
isb - blood,31,2.3626654375487116e-4,8.400508533195177e-5,4.539584881644886e-4
isb - blood,32,3.610414129434196e-5,1.0957679280852607e-6,1.3335204337732551e-4
isb - blood,33,3.689504017959411e-4,1.537584029487671e-4,6.387793150577703e-4
isb - blood,34,1.3564602994407468e-4,3.3826273958771255e-5,3.087520815554311e-4
isb - blood,35,3.3501108392369587e-4,1.378629514167398e-4,5.919697323459298e-4
isb - blood,36,2.0279858464483866e-4,6.602491870779566e-5,4.078838834044737e-4
isb - blood,37,1.6955074214408854e-4,4.912402779917567e-5,3.5891383321366786e-4
isb - blood,38,2.0290217417519378e-4,6.634752010483406e-5,4.066072329822973e-4
isb - blood,39,-0.001107573187783497,-0.004273037712410223,5.0030610379085315e-5
isb - blood,40,1.0331668612020655e-4,1.9860164597165436e-5,2.5478487937127033e-4
isb - blood,41,3.0150751099771307e-4,1.196073840440545e-4,5.466941102415806e-4
isb - blood,42,3.664601947235098e-5,1.0655403658356327e-6,1.344899243621466e-4
isb - blood,43,2.0268085776256308e-4,6.619524875841426e-5,4.082380082409519e-4
isb - blood,44,1.696562243134288e-4,4.940104416092218e-5,3.5925865033271134e-4
isb - blood,45,1.3655311419998996e-4,3.428768269997502e-5,3.062898771208557e-4
isb - blood,46,-6.803579481202632e-4,-0.003907519709725328,5.736661197514021e-4
isb - blood,47,-6.528645714013563e-4,-0.0038828682052728936,6.138628178682205e-4
isb - blood,48,-0.0010179739697594873,-0.0042436642828099,1.7423433175461488e-4
isb - blood,49,4.3536424414788934e-4,1.9480847346689753e-4,7.280784115815096e-4
isb - blood,50,1.3582457822852674e-4,3.424602128419551e-5,3.0926397054627204e-4
isb - blood,51,3.6911778128015453e-4,1.5800310991175156e-4,6.401620963274171e-4
isb - blood,52,5.011677638848044e-4,2.3488540583978376e-4,8.144251059127552e-4
isb - blood,53,7.996370244530672e-4,3.926668162859716e-4,0.001189376946089793
isb - blood,54,-8.103284640937222e-4,-0.004013669478865256,4.185302367075154e-4
isb - blood,55,1.0333807246992388e-4,1.979061924884531e-5,2.56000192265405e-4
isb - blood,56,5.346843803666262e-4,2.50569379517638e-4,8.58536686779808e-4
isb - blood,57,1.0324303569937702e-4,1.9612880918755098e-5,2.552959391679637e-4
isb - blood,58,2.025695376017878e-4,6.690231023592657e-5,4.0562010873238885e-4
isb - blood,59,3.021636913339262e-4,1.2063175064767403e-4,5.468388132178482e-4
isb - blood,60,3.0212906262788996e-4,1.1987391432558346e-4,5.4881227536993e-4
isb - blood,61,2.0198692042865566e-4,6.563961866017192e-5,4.0608382328692643e-4
isb - blood,62,7.999217467094181e-4,3.955572435179203e-4,0.0011915560785400467
isb - blood,63,2.6788753673876803e-4,1.0086849212689988e-4,5.010088053784993e-4
isb - blood,64,7.016090266340185e-5,8.300535734929236e-6,1.985643366900466e-4
isb - blood,65,3.348126464969669e-4,1.3889253543491046e-4,5.930191461514037e-4
isb - blood,66,1.0314421317543034e-4,1.9464080132428852e-5,2.550210102004757e-4
isb - blood,67,3.694540392900347e-4,1.5635774328518132e-4,6.386026788182276e-4
isb - blood,68,5.012299335458163e-4,2.320231476806915e-4,8.12965785325728e-4
isb - blood,69,3.6890058617409984e-4,1.5805247815353705e-4,6.39899702269365e-4
isb - blood,70,1.0275899794128989e-4,1.9593471729195986e-5,2.541745647753725e-4
isb - blood,71,3.01206933351417e-4,1.1920194506821126e-4,5.455046872155583e-4
isb - blood,72,-6.24307046804928e-4,-0.0038537820547519183,6.523138930280173e-4
isb - blood,73,5.005041300997729e-4,2.3140054825789995e-4,8.102120250795017e-4
isb - blood,74,3.363103459535546e-4,1.3765211214665735e-4,5.946995494592821e-4
isb - blood,75,3.350259074461517e-4,1.368535825684915e-4,5.952629172823639e-4
isb - blood,76,3.6776823532146325e-4,1.5655644613131356e-4,6.368737109477546e-4
isb - blood,77,2.6825431968236375e-4,1.0135077508670323e-4,4.983427539024674e-4
isb - blood,78,1.694827565271167e-4,4.9843014720317376e-5,3.588406997188948e-4
isb - blood,79,2.353252163198263e-4,8.452983926302044e-5,4.531849465775476e-4
isb - blood,80,2.0347617877338332e-4,6.66444235163829e-5,4.087126693100076e-4
isb - blood,81,1.690918932594181e-4,4.867998519563029e-5,3.577218784082904e-4
isb - blood,82,4.6921440565394915e-4,2.1462747071008428e-4,7.718890935089886e-4
isb - blood,83,4.6852891431684317e-4,2.137126669910161e-4,7.666344335614837e-4
isb - blood,84,4.6779522005987697e-4,2.1426015118002162e-4,7.684885593963157e-4
isb - blood,85,3.677609898587233e-4,1.5760649418035622e-4,6.375982619272678e-4
isb - blood,86,1.6948566043104647e-4,4.9086195457664394e-5,3.59093876833338e-4
isb - blood,87,2.3629015536139487e-4,8.401929816774132e-5,4.548960808281518e-4
isb - blood,88,5.011044995644915e-4,2.3098754905649682e-4,8.142285043795651e-4
isb - blood,89,6.35095051977491e-4,3.103187420704703e-4,9.844141837289603e-4
isb - blood,90,3.356711254879593e-4,1.3846317447629443e-4,5.939791900497354e-4
isb - blood,91,9.980034236982771e-4,4.92846669705745e-4,0.001433623057496144
isb - blood,92,3.3503506349743644e-4,1.384628683713543e-4,5.942301681236646e-4
isb - blood,93,2.0278979948988587e-4,6.642236007688543e-5,4.0722697861046795e-4
isb - blood,94,4.3459222118266954e-4,1.9417487024198581e-4,7.253969732105326e-4
isb - blood,95,1.7056385803956048e-4,4.975963359138894e-5,3.5828625921731935e-4
isb - blood,96,3.347982423145214e-4,1.3943827033733938e-4,5.906408344992158e-4
isb - blood,97,2.3610444167741204e-4,8.51076784448637e-5,4.5528675691453155e-4
isb - blood,98,6.336572612033233e-4,2.967408557303042e-4,9.845096910897847e-4
isb - blood,99,2.360687674022185e-4,8.425325197210965e-5,4.577779608429419e-4
isb - blood,100,8.006567169012982e-4,4.0315745571270874e-4,0.0011901572866710025
isb - blood,101,4.0157564638946636e-4,1.7403056691279198e-4,6.831300344250568e-4
isb - blood,102,5.680476311799754e-4,2.7276186050951765e-4,8.986823402217175e-4
isb - blood,103,4.339741171876284e-4,1.9562984439347008e-4,7.265716444485691e-4
isb - blood,104,9.99734690151282e-4,4.996925943056659e-4,0.0014352404601712765
isb - blood,105,-0.001599029034843681,-0.005865753459159548,5.448162144179493e-4
isb - blood,106,5.333576777394438e-4,2.504454692356907e-4,8.547061378000225e-4
isb - blood,107,8.331637659418212e-4,4.1711958560978937e-4,0.001232464336028585
isb - blood,108,-0.0029792049341981273,-0.00800438188663914,-1.3265190529234775e-4
isb - blood,109,-0.0019260019296457507,-0.0061826295559347065,1.875972677831783e-4
isb - blood,110,-0.004352631223694971,-0.011091206323642341,2.3128154368107608e-4
isb - blood,111,-2.2241258880166737e-4,-0.003456924298182568,0.0011169600617566078
isb - blood,112,5.342394652510833e-4,2.502614981663732e-4,8.540863997112969e-4
isb - blood,113,-0.0011307158731063323,-0.0053881818223153865,0.001039191154218835
isb - blood,114,2.0227462906426537e-4,6.531192354695106e-5,4.065064161660971e-4
isb - blood,115,2.693125679494717e-4,1.0168022417498298e-4,5.045434815808617e-4
isb - blood,116,2.6927331401570016e-4,1.012167375348125e-4,5.029112344046309e-4
isb - blood,117,5.343429322408307e-4,2.4972357571179934e-4,8.558416271324736e-4
isb - blood,118,-9.104032650228117e-4,-0.004088060035236235,2.955835646856146e-4
isb - blood,119,3.023214726015189e-4,1.1904430370393549e-4,5.468663264030203e-4
isb - blood,120,-0.0027445901938027576,-0.007754422361342778,1.09517807246632e-4
isb - blood,121,2.686693670994398e-4,1.0157338412457248e-4,5.005901650832949e-4
isb - blood,122,3.6758564795471454e-4,1.5671836485282227e-4,6.379717932705375e-4
isb - blood,123,1.695218649333694e-4,4.9956443297139794e-5,3.5790542002611057e-4
isb - blood,124,5.672139070338419e-4,2.6618049749003536e-4,8.993433089228859e-4
isb - blood,125,6.179432319411252e-4,-0.0026701708864486943,0.0020517800718337998
isb - blood,126,-0.0025175504394160404,-0.00877207808972667,0.0016139675678162168
isb - blood,127,-0.0022695189629411048,-0.007930069680589426,0.0012772008199524987
isb - blood,128,9.660200973555508e-4,4.854260980092319e-4,0.00139271350507614
isb - blood,129,9.338609351211199e-4,4.6347645222690907e-4,0.0013549617892172198
isb - blood,130,-0.004155959302245102,-0.010897237516030488,4.465426191803076e-4
isb - blood,131,-0.0014200774390078887,-0.006463759757949596,0.001511213939921649
isb - blood,132,-0.00791698135342298,-0.0173590894495431,-6.174815663715322e-4
isb - blood,133,-2.76321730229832e-4,-0.004650625938537544,0.0019851922419333633
isb - blood,134,-0.0012495483457550926,-0.006333308522805272,0.0016887566116234067
isb - blood,135,0.0030398608229890074,-0.0033663254995217563,0.007396518075818482
isb - blood,136,0.002333569287825988,-0.0010695120840588023,0.003959236494360144
isb - blood,137,0.0014318962086247089,7.340704259677586e-4,0.0019509140331016959
isb - blood,138,0.004548207267334758,0.0030195536677577674,0.005502996054257043
isb - blood,139,0.002161819425841659,0.0012371516841328208,0.002803223850458068
isb - blood,140,6.501379211008532e-4,-0.00264065405725123,0.0020894789393040777
isb - blood,141,-5.881166154527182e-4,-0.007350951913664391,0.0041082945758691754
isb - blood,142,0.0016963705361134212,9.016830906068056e-4,0.002267322251817537
isb - blood,143,-0.009794017312761513,-0.018538358382325468,-0.0031987220642600224
isb - blood,144,0.003454120296742926,0.00216075876584149,0.004286385855361288
isb - blood,145,0.00160789823081088,-0.0017536523309064737,0.003160110739379255
isb - blood,146,0.004549780642760456,0.0030484026149194127,0.005501770618202322
isb - blood,147,0.00186076351783093,0.0010072412305330868,0.002461651581396412
isb - blood,148,0.0013935139125201559,7.046981131205136e-4,0.001912518894699587
isb - blood,149,0.0016294018010970964,8.530240116002119e-4,0.0021877955428146008
isb - blood,150,0.0013974028601815617,7.198942455195437e-4,0.0019152098825209831
isb - blood,151,-0.004788318717123767,-0.013964207483882505,0.0022234833588203303
isb - blood,152,0.005238488899734847,6.910648381465809e-4,0.007870548511832436
isb - blood,153,0.0024890116547766268,0.0014237399994282954,0.003185388777932394
isb - blood,154,0.0020880114711996902,-0.0023587427858683136,0.004508138782117844
isb - blood,155,0.0024106229976684885,-0.002019066611893802,0.004855310218652142
isb - blood,156,0.0012011585264451174,-0.00394669085728067,0.00429129266735331
isb - blood,157,0.004836533567457196,-0.0016979271222745996,0.009239771772347494
isb - blood,158,-8.041163180859351e-4,-0.009334931338993104,0.005614000554841511
isb - blood,159,5.737041857956794e-4,-0.005186853375947604,0.0042711803042948205
isb - blood,160,0.001763263335751646,9.552633005304119e-4,0.0023446201562855626
isb - blood,161,5.758609818620001e-4,-0.00529561070548558,0.004272067220857436
isb - blood,162,0.0024241383957904644,0.001385798506951617,0.0031147563985806505
isb - blood,163,-0.006366655604445923,-0.01590860389159238,0.0010157727238431938
isb - blood,164,-0.0014312622132653665,-0.0071496713278547995,0.002161759860098019
isb - blood,165,0.00252534668357129,0.001480226832285983,0.003229651491519802
isb - blood,166,0.002789926607175907,0.0016447019853127417,0.0035317497978616637
isb - blood,167,0.003257606542031643,0.002025490626476761,0.004060317204902365
isb - blood,168,-3.5402357288501343e-4,-0.005408527678315041,0.0026336676885788265
isb - blood,169,0.0013296338595791333,6.732171593793842e-4,0.0018360824469179525
isb - blood,170,0.0015620317163418365,8.202158517347026e-4,0.002111111350293638
isb - blood,171,0.002488333150222092,0.0014010607509700977,0.0031842921355584425
isb - blood,172,0.002987952547608157,0.0018055372977989774,0.003754154351450378
isb - blood,173,-0.0027162192773853458,-0.010846277326745075,0.003260887772650179
isb - blood,174,0.0015378014503342073,-0.001821605925428091,0.0030872187896257433
isb - blood,175,-0.005032707978403064,-0.021034422299099364,0.008984288483826496
isb - blood,176,-0.0030189122471548195,-0.013176193477366024,0.005098052548211939
isb - blood,177,2.652194143004557e-5,-0.00569536573220854,0.003679813507407312
isb - blood,178,-0.0024344164005952185,-0.008730338945626054,0.0017036055642261417
isb - blood,179,-0.006912867841046265,-0.017901159632851847,0.001954434263382057
isb - blood,180,0.001860330901845844,9.960471312762972e-4,0.0024593823211753684
isb - blood,181,-0.0035304561098919883,-0.010249664698342478,0.0010876184875072816
isb - blood,182,0.0010986076967266663,5.594796602976192e-4,0.0015557678875149992
isb - blood,183,0.0017617141330467567,9.357941500959828e-4,0.0023451951100868654
isb - blood,184,0.002092176993740834,0.0011561573513205014,0.002727184182393839
isb - blood,185,8.99960770229941e-4,4.442652549682176e-4,0.0013156987651354024
isb - blood,186,7.988584408704204e-4,3.94378594622744e-4,0.0011915067413902963
isb - blood,187,0.0018279446351828555,9.762070452336591e-4,0.002422148314269244
isb - blood,188,5.675315899356866e-4,2.704598781321135e-4,8.969664852934065e-4
isb - blood,189,0.0016309019217091152,8.669133894316291e-4,0.0021879843405954525
isb - blood,190,-0.003402058806324092,-0.010150527619677545,0.0011904183518689172
isb - blood,191,0.0018949432649051096,0.0010202969051492613,0.0025002329063744675
isb - blood,192,0.004947823341374251,0.0033687346100862298,0.005952531325704273
isb - blood,193,-0.003032562451385434,-0.011534931272407596,0.0033228581047062863
isb - blood,194,-0.0032406740211430177,-0.010482369833985546,0.0018610739664961338
isb - blood,195,-0.015787682997352143,-0.026894514365372692,-0.006785306711299956
isb - blood,196,0.006310584116777684,0.0010005684398421287,0.00966715006125767
isb - blood,197,7.693111681957793e-4,-0.0025427891822908306,0.002238691867280201
isb - blood,198,0.002060415100456976,0.0011270010773074292,0.00269269523486062
isb - blood,199,0.002026923117639577,0.0011144089914796032,0.0026538617090098113
isb - blood,200,9.66315508501454e-4,4.880848324847169e-4,0.0013950290521221927
isb - blood,201,0.0011984694424609788,6.162379343379278e-4,0.001676621700326169
isb - blood,202,7.435474509513221e-4,-0.002568996056809706,0.0021986687490380898
isb - blood,203,-0.002944080799759857,-0.008596286416882962,5.816850096476775e-4
isb - blood,204,0.0027559836893399302,0.0016219795534605527,0.0034943679970952934
isb - blood,205,-0.0026611259484549984,-0.010404923537232134,0.0029305476525915697
isb - blood,206,8.998592490505418e-4,4.367607106602623e-4,0.0013167093828281519
isb - blood,207,0.0010662785337979775,5.321047712571609e-4,0.0015204426000971264
isb - blood,208,-7.074605082485954e-4,-0.005003500619167924,0.00151320092973588
isb - blood,209,0.0037181552265270774,0.0023548078994986956,0.004572700474866264
isb - blood,210,0.0010989365145794036,5.498708242794893e-4,0.0015596088330446815
isb - blood,211,8.402426755294939e-4,-0.002454024673954568,0.002310020628829918
isb - blood,212,0.0016623665058428656,8.847958619793396e-4,0.0022275974321597247
isb - blood,213,0.012445792645865494,0.00763074493019513,0.015459125603015277
isb - blood,214,-0.0017973604634825453,-0.008088401947869358,0.0023590938292329215
isb - blood,215,-0.007592680858200344,-0.015993376897082297,-0.001320188708906313
isb - blood,216,-0.011598824652552816,-0.021292338734516598,-0.0040066912758037485
isb - blood,217,0.0015315961196646528,7.982647072485156e-4,0.0020744441853588957
isb - blood,218,0.0025263180751412535,0.0014998441352998646,0.003228825409256324
isb - blood,219,0.0015951683277706493,8.40995782096673e-4,0.0021511228956838458
isb - blood,220,-0.04338499535063896,-0.06052003767200106,-0.02831120379671088
isb - blood,221,0.0016964734837067006,8.938012640479122e-4,0.002270809120202992
isb - blood,222,0.0012974734942026508,6.51474251869698e-4,0.001798167713546719
isb - blood,223,-2.829656296948658e-4,-0.0034827093563898045,0.001033444015450959
isb - blood,224,0.0021607403214557405,0.0012130865238554492,0.0028093214384961383
isb - blood,225,9.985894662599653e-4,5.045482373181792e-4,0.00143514156206102
isb - blood,226,0.0014972961312678366,7.8138757501409e-4,0.002031877643683435
isb - blood,227,0.001198966810351615,6.103064632315369e-4,0.0016781998579622386
isb - blood,228,0.0016299875437770423,8.520458045597459e-4,0.002189954427505845
isb - blood,229,0.0016291376641937682,8.534645202961568e-4,0.0021879490271052657
isb - blood,230,0.0013304654781834846,6.798420549501173e-4,0.0018374344763167827
isb - blood,231,9.995142664986903e-4,5.100371061113534e-4,0.0014375427419562928
isb - blood,232,1.2213485869232816e-4,-0.0042074246465401925,0.0024145433252217943
isb - blood,233,0.0013621889664541455,6.892258440090891e-4,0.0018739622509784557
isb - blood,234,7.910244543718132e-4,-0.006029564558177934,0.00554070911861463
isb - blood,235,0.0023582590538840193,0.0013381823325800434,0.003038812111786196
isb - blood,236,-9.025241421244184e-4,-0.00782053107295231,0.0038338243652421577
isb - blood,237,-0.010292081642782235,-0.020606558509387616,-0.0020579427430655775
isb - blood,238,-0.012172439392068097,-0.022803198207272318,-0.0036883571129524002
isb - blood,239,-0.002617507087721745,-0.009853401094036998,0.0025264525381049653
isb - blood,240,0.0016759542765684917,-0.001671769603764958,0.003234317508241333
isb - blood,241,-0.005116674713577464,-0.014306603101537554,0.001919916076986933
isb - blood,242,-0.0013341109903430358,-0.009081259210822142,0.0042609535249636685
isb - blood,243,0.002059708191069881,0.0011399355997646706,0.002689825518135199
isb - blood,244,-0.0012612714377406178,-0.009363580811765831,0.004733793010952017
isb - blood,245,0.012885176367128137,0.0027933066048726855,0.021032041589930432
isb - blood,246,-3.176120048335108e-4,-0.006647476608386938,0.0039037485889703047
isb - blood,247,0.0034192501250756026,0.002122950499180235,0.004242055289838794
isb - blood,248,-0.025342087877944827,-0.04591216522612675,-0.006655212745002135
isb - blood,249,0.01974840834422113,0.013351799842175195,0.024209055154456184
isb - blood,250,0.0025114179103288715,-0.0019302837435595385,0.004980176897172763
isb - blood,251,0.003785773168791466,0.002417586989543343,0.004654862332006798
isb - blood,252,0.0024576496914056807,0.001398815839937609,0.0031504857180423744
isb - blood,253,-5.57489167598397e-4,-0.00485329037842665,0.001656652393331189
isb - blood,254,-0.002309978974694982,-0.008015815023803979,0.001241016667204659
isb - blood,255,0.0016527507393726377,-0.0027404843153520857,0.0040489550483276005
isb - blood,256,0.001695299887028793,8.965854910796792e-4,0.002265689537145766
isb - blood,257,0.0012413697452456954,-0.0020489079122850296,0.002748747630107906
isb - blood,258,0.0011495947237876337,-0.004643769958549737,0.004862976409243345
isb - blood,259,0.0037828484718981825,0.002402492782911434,0.004649699988056945
isb - blood,260,0.0013638660945409153,7.018532034282434e-4,0.0018708387974931216
isb - blood,261,0.0014276862516916708,7.289748219190943e-4,0.001953750498800443
isb - blood,262,-5.974302477511444e-4,-0.004867393845078847,0.0016166563820635
isb - blood,263,8.339131646505249e-4,4.1311450081919993e-4,0.001233419965244205
isb - blood,264,0.0012979870933553855,6.780759444872641e-4,0.001793709239199483
isb - blood,265,-0.003748879070526929,-0.009959304320436738,3.152464659255986e-4
isb - blood,266,-0.001292953610942911,-0.009371185727550808,0.004735853519874607
isb - blood,267,-0.006451584021862999,-0.0140640557070037,-0.0010147741333008415
isb - blood,268,8.01819236379159e-4,3.9393848734025564e-4,0.0011947802142584572
isb - blood,269,0.0015959520607725746,8.397091705626449e-4,0.0021496880946393427
isb - blood,270,-0.0019032105861809558,-0.008200613040324586,0.0022389954179490566
isb - blood,271,0.0024687542542821913,-9.248198882798803e-4,0.004108138879471553
isb - blood,272,-0.00233437442816098,-0.009999034622024543,0.003245184578468005
isb - blood,273,-0.03235869477467025,-0.05330364648285774,-0.013171293640442169
isb - blood,274,-8.161627772997131e-4,-0.006545804062361126,0.0028197206993863066
isb - blood,275,-0.002796273576390695,-0.010477374897110306,0.002767016022688886
isb - blood,276,-9.736610230225589e-5,-0.005215954745977517,0.002901864970089297
isb - blood,277,-7.348311737911408e-4,-0.006472334294610001,0.002870713403989735
isb - blood,278,4.963648513232457e-4,-0.007675459767102696,0.0065789079216898505
isb - blood,279,0.002141544656167238,-0.0012039132158961205,0.003741074987064099
isb - blood,280,0.003217865598747892,-0.003718375692314716,0.008088833042699792
isb - blood,281,-0.0022555099016143636,-0.009968626765492001,0.0033101259172856976
isb - blood,282,0.007995942604220955,-0.0020727535404627844,0.016002889305825465
isb - blood,283,-0.0041287505433971194,-0.011364096785976207,9.405344727415227e-4
isb - blood,284,2.8226173205704965e-4,-0.0030066987563319323,0.0016772327360443757
isb - blood,285,0.008898295064065143,0.006755856135784467,0.010267762197897493
isb - blood,286,0.0013440429029461464,-0.0045143318753871715,0.005072880571661328
isb - blood,287,0.0026941785139273588,0.00161731895232404,0.0034209250658807137
isb - blood,288,9.992151527615197e-4,5.059659987837292e-4,0.0014347776982595625
isb - blood,289,0.0012968042975727053,6.468653792324753e-4,0.001796008460054804
isb - blood,290,2.240967097767442e-4,-0.004097658758391456,0.002519864788578563
isb - blood,291,0.0017958670302554575,9.686752800381964e-4,0.002384183768831945
isb - blood,292,0.0012979410762357264,6.663369357029235e-4,0.0017957969145540908
isb - blood,293,0.0018270823035250621,9.832420933703278e-4,0.002419742181683551
isb - blood,294,0.003521960320314732,0.0022283396329348935,0.004354855186676307
isb - blood,295,0.0010994667917889815,5.57489971801348e-4,0.0015555839944200937
isb - blood,296,0.001594679380461699,8.258997830492251e-4,0.0021484797816422293
isb - blood,297,7.66441722167926e-4,3.81541452224012e-4,0.0011472548961241377
isb - blood,298,0.0036837352335303223,0.002327635738400199,0.004538797056837172
isb - blood,299,8.997156231330377e-4,4.4745486599086676e-4,0.0013138287568633382
isb - blood,300,8.460872180538262e-5,-0.0031967640349039386,0.0014532486530293963
isb - blood,301,0.0017628781732322736,9.526395157763265e-4,0.002345773497626418
isb - blood,302,0.0010326233777824905,5.187515234997157e-4,0.0014766658964189266
isb - blood,303,6.999680089290347e-4,3.391019455271028e-4,0.0010666328619629943
isb - blood,304,8.332317253898546e-4,4.2081924219817684e-4,0.001231682646959011
isb - blood,305,0.0014967221617659164,7.745921289759154e-4,0.0020355139041604684
isb - blood,306,0.005778032568829104,0.004066539201017357,0.006870782040477439
isb - blood,307,8.976349275432526e-4,4.437007250320206e-4,0.001310019968628524
isb - blood,308,4.3475096594691536e-4,1.9461672624569387e-4,7.288144436330595e-4
isb - blood,309,4.6664433309131365e-4,2.0968478272639433e-4,7.684542291531911e-4
isb - blood,310,2.0289539835441212e-4,6.618684894442262e-5,4.0700462241604935e-4
isb - blood,311,2.687892015467667e-4,1.0145816656124385e-4,5.01627269615229e-4
isb - blood,312,6.002193267553341e-4,2.8567719680572067e-4,9.44772217450039e-4
isb - blood,313,4.019283405453826e-4,1.755187640265361e-4,6.830752807512967e-4
isb - blood,314,3.004626672435152e-4,1.1800943001876639e-4,5.476493495331301e-4
isb - blood,315,3.365486116687159e-4,1.3923101542468445e-4,5.949658093830541e-4
isb - blood,316,6.006109939673111e-4,2.8668604377252594e-4,9.400852502227706e-4
isb - blood,317,0.0019280791855940328,0.001044640505712037,0.002541484510128854
isb - blood,318,4.009383329452619e-4,1.7329296357392515e-4,6.820994031761788e-4
isb - blood,319,5.659098860381561e-4,2.625442396739065e-4,8.983465825586788e-4
isb - blood,320,5.661736847128434e-4,2.68810829874507e-4,8.970838224827868e-4
isb - blood,321,3.0256572043108754e-4,1.2070126463636329e-4,5.504593070403163e-4
isb - blood,322,3.3575976195705196e-4,1.407476398262032e-4,5.928495661805598e-4
isb - blood,323,2.6906472407373767e-4,1.0133033782268033e-4,5.01407967711597e-4
isb - blood,324,4.6823692344819776e-4,2.134054144777282e-4,7.686736037343735e-4
isb - blood,325,5.013241224114917e-4,2.3041446937492895e-4,8.145173453144004e-4
isb - blood,326,4.6800552581875227e-4,2.1206582846597046e-4,7.699182748858381e-4
isb - blood,327,4.677088875727792e-4,2.1308503382954584e-4,7.699258213596413e-4
isb - blood,328,4.0160257078526875e-4,1.7512505198213777e-4,6.820450714778497e-4
isb - blood,329,2.3675058281470381e-4,8.531924378775782e-5,4.5660738065605587e-4
isb - blood,330,-0.0019382248387115094,-0.006158687618400807,1.826845060436465e-4
isb - blood,331,4.1210019464572964e-4,-0.0028794781971477053,0.0018330819406124858
isb - blood,332,4.0207308764749925e-4,1.7888488329767548e-4,6.837169495752658e-4
isb - blood,333,1.3571523320719258e-4,3.4046460697779105e-5,3.08535230336193e-4
isb - blood,334,2.353014440874095e-4,8.252456022671373e-5,4.541735911712839e-4
isb - blood,335,1.3594009625125428e-4,3.339972389805287e-5,3.071056764244149e-4
isb - blood,336,3.6808662978548987e-4,1.5676847653955342e-4,6.386466990885764e-4
isb - blood,337,-0.011773621517920132,-0.020458563629677476,-0.005246743851769129
isb - blood,338,2.3593087191249785e-4,8.219302867070786e-5,4.5486922313923284e-4
isb - blood,339,-3.872861708463325e-4,-0.0036229446823314603,9.238393114653285e-4
isb - blood,340,1.3647441459151255e-4,3.4487344993168355e-5,3.0792145213798494e-4
isb - blood,341,3.3603321227492394e-4,1.4086790206183466e-4,5.933605915598313e-4
isb - blood,342,0.0038513324771359374,0.002482896012164612,0.004724841520963194
isb - blood,343,4.6707189132842004e-4,2.1365295958244353e-4,7.70327058203063e-4
isb - blood,344,-0.003343313749827314,-0.008322092625426545,-5.30401521647803e-4
isb - blood,345,6.964794285430736e-5,8.219176262956786e-6,1.9785195206287678e-4
isb - blood,346,1.6974922720684342e-4,4.982295458002849e-5,3.5947736096163724e-4
isb - blood,347,-0.002093969117592189,-0.006279196645978539,9.937269016627459e-6
isb - blood,348,2.0239271781720167e-4,6.63759388295836e-5,4.0797713231403344e-4
isb - blood,349,3.6926234626716547e-4,1.5958122192973815e-4,6.400023991929408e-4
isb - blood,350,-0.0010747797953594876,-0.004247782423181179,9.0469408399139e-5
isb - blood,351,3.724626446575959e-5,1.0915735646256186e-6,1.3563970122069336e-4
isb - blood,352,7.000166944213329e-5,8.368405064481892e-6,1.9771979613384964e-4
isb - blood,353,3.695591173992685e-5,1.1049033506473183e-6,1.35807478236751e-4
isb - blood,354,1.6940302285530463e-4,4.892319303903797e-5,3.591371132838955e-4
isb - blood,356,1.3605330834887792e-4,3.312470828809883e-5,3.0716536551549903e-4
isb - blood,358,-0.00108094558703146,-0.004261311276833617,9.199033781572784e-5
isb - blood,359,7.016931319378621e-5,8.08333872996404e-6,1.989115409821439e-4
isb - blood,360,3.705855933514657e-5,1.0999488401581774e-6,1.3588360485294597e-4
isb - blood,361,1.6964308368120682e-4,4.90893032785534e-5,3.5857622881994643e-4
isb - blood,362,3.6423961078253046e-5,1.0316620790494009e-6,1.3451444539301876e-4
isb - blood,363,1.0354915448202504e-4,2.0014542478797975e-5,2.5558775887373663e-4
isb - blood,364,1.0356515068626784e-4,1.9575866962464853e-5,2.553712597031233e-4
isb - blood,365,6.97125897794463e-5,7.808473280959637e-6,1.989482832874835e-4
isb - blood,366,-0.0011178242625309945,-0.004289670298778737,4.845551670755647e-5
isb - blood,367,6.997090028982843e-5,8.276188947619927e-6,1.981949842638269e-4
isb - blood,368,3.675021089638112e-5,1.0849146693984703e-6,1.347612441966055e-4
isb - blood,369,3.641574475667995e-5,1.0684629283004718e-6,1.344840310258616e-4
isb - blood,370,3.66827199738822e-5,1.0906633631248319e-6,1.3395805534045452e-4
isb - blood,373,3.6838347717633063e-5,1.094015235716965e-6,1.346909511013105e-4
isb - blood,375,6.992622595707161e-5,8.157483391639838e-6,1.979319651589055e-4
isb - blood,376,6.988721976410289e-5,7.921333636666125e-6,1.9897423364313127e-4
isb - blood,377,6.983052368334882e-5,8.116115513102274e-6,1.9945848706995708e-4
isb - blood,378,3.668618719172434e-5,1.0837413818637392e-6,1.3486081792451395e-4
isb - blood,379,6.972990400176369e-5,8.188107622610036e-6,1.9830499487616198e-4
isb - blood,380,3.678834178135283e-5,1.1123275535624394e-6,1.348384532821721e-4
isb - blood,381,3.687581830938518e-5,1.099675675592628e-6,1.3388147319295813e-4
isb - blood,382,7.004662343949682e-5,8.111998729828457e-6,1.9866713266454035e-4
isb - blood,383,3.690333946831274e-5,1.1471610791696823e-6,1.3521377083525193e-4
isb - blood,385,3.669883484684839e-5,1.1063540860024577e-6,1.3445696800561956e-4
isb - blood,387,-0.001152850122731265,-0.004398531476550757,7.651929926090945e-6
isb - blood,389,3.6724537723262445e-5,1.0641276887042435e-6,1.3526403636061234e-4
isb - blood,392,1.0262670184858805e-4,1.932285560069944e-5,2.5338384972012384e-4
isb - blood,393,1.0290488213382035e-4,1.9723663781723564e-5,2.554168691062091e-4
