disease,site,mean,q025,q975
AML,4,8.224191335868004e-4,2.1048006718080914e-5,0.003012480242197593
AML,9,0.001641210069300939,1.993429906394481e-4,0.0045481578494230655
AML,11,0.0016391813181566041,1.9865018141521277e-4,0.004569868152261991
AML,23,0.001641836959015043,2.0102258521864606e-4,0.004521091227627073
AML,39,8.153424105663979e-4,2.026261551039689e-5,0.003016966780409192
AML,46,8.205571794831251e-4,2.1029785412792795e-5,0.003030424701455469
AML,47,8.166611966164265e-4,1.9915151533081796e-5,0.0029998409551117594
AML,48,8.177488185254863e-4,2.087114781125618e-5,0.003025162438449506
AML,54,0.0016409181424829277,2.0099878466041263e-4,0.004556676489113627
AML,72,0.0016348631575233677,1.9798887011953829e-4,0.004546365848040953
AML,105,0.0016343790663069816,2.0040052910427517e-4,0.004539010259538571
AML,108,0.002459494580684792,5.103139150228283e-4,0.0059388468756420175
AML,109,0.00326703886293156,8.920285625171424e-4,0.007158460381535034
AML,110,0.007374192464221426,0.003375094804020086,0.012889355511308742
AML,111,8.200132824670928e-4,2.005249798293987e-5,0.0029993680334255315
AML,113,0.0016385213928940595,1.9414337163163443e-4,0.004593783018598006
AML,118,8.14661989535943e-4,2.0359420979282378e-5,0.003020694507001264
AML,120,0.004087814402918128,0.0013314530232654434,0.00835986002843903
AML,125,8.23219540889983e-4,2.083983468421564e-5,0.003033966626858231
AML,126,0.005734421290263302,0.0023267986416961113,0.010671790795493482
AML,127,0.004909697791265292,0.0017977220005201133,0.009560148824472927
AML,130,0.007374239498146259,0.0033861285603849407,0.01289029196987251
AML,131,0.003286948295981222,8.939279936452767e-4,0.0071753245771514216
AML,132,0.015557867483153734,0.009411642888938046,0.02323849954028487
AML,133,0.0016308564614715081,2.0101633873721857e-4,0.004546717374016013
AML,134,0.004089185018083931,0.001326670064040166,0.008392375239132046
AML,135,0.0049076928129384275,0.0018199289148801505,0.009498345326247187
AML,136,8.24474769803523e-4,2.1037066665233818e-5,0.0030473643124134257
AML,140,0.0016426379710103459,2.0318712371930728e-4,0.004539271476616599
AML,141,0.006539833540710427,0.0028344548875462523,0.01175354555981192
AML,143,0.013920459407141919,0.008102237763284949,0.02120872080990728
AML,145,0.0016421844059078647,1.9636467259376736e-4,0.004552708776009737
AML,151,0.0163857171447705,0.01005012587184631,0.02421124529454557
AML,152,0.0016344240847462068,1.9940754248297217e-4,0.004548709870797179
AML,154,0.003276286581963619,8.997042159805088e-4,0.007163146278526504
AML,155,0.003268771218449513,8.968018993065004e-4,0.0071570503611625685
AML,156,0.004093335412661231,0.001321742890731917,0.008350015811208082
AML,157,0.006546676075528457,0.0028430738048092776,0.011768911715010039
AML,158,0.011469242667565905,0.006290457325422197,0.018144137366125926
AML,159,0.004898609665244357,0.0018017724347607392,0.00948451366238765
AML,161,0.0041103408736007435,0.0013405836199039684,0.008396608861836418
AML,163,0.01392607573505524,0.008136387809278845,0.021162876350339928
AML,164,0.004911671844901739,0.0018130903497139551,0.009566032148190726
AML,168,0.0032701775530466124,9.00781283264e-4,0.0071471999886545635
AML,173,0.01228521921369758,0.006893575294437241,0.019152494381588853
AML,174,0.0016443903257143332,1.9842366409904651e-4,0.004563207807330398
AML,175,0.05648856017900037,0.04427632720566856,0.07012568165757946
AML,176,0.018001821047529686,0.011278775253412922,0.026174466553818942
AML,177,0.004102939446994312,0.0013352979979113088,0.008362496511260153
AML,178,0.004912500846673494,0.0018124543335535396,0.009515316956564247
AML,179,0.02128668830901617,0.01397222037343243,0.030022973610480688
AML,181,0.006567302155660134,0.0028299598530296638,0.011842327820887944
AML,190,0.005729337133375595,0.002305639183702493,0.010702593804646048
AML,193,0.00983277191645234,0.00509729308060701,0.016081622704132693
AML,194,0.009834297267346134,0.005099576573923694,0.016080785085665916
AML,195,0.026204610037823723,0.01796746843911704,0.03586154304744297
AML,196,0.004915161948466796,0.001819497983426404,0.009545265666349606
AML,197,8.148922729218935e-4,2.0312410674527603e-5,0.0029722850464279464
AML,202,0.001642518700427579,1.9894330492061714e-4,0.0045785908008693825
AML,203,0.004915414733753395,0.0018079340440114052,0.009520357746384132
AML,205,0.010640125222495637,0.005678004831424312,0.017123648541916676
AML,208,0.0024637007661845547,5.095201728356952e-4,0.005918551908794617
AML,211,0.0016355775672328638,1.9697181156352037e-4,0.004570780813333074
AML,213,0.0024637016281099256,5.09601964366338e-4,0.005922531044148024
AML,214,0.004905021852406719,0.0018140217026321609,0.009541088927629466
AML,215,0.013106426686810856,0.0075164116170996715,0.020195055817583865
AML,216,0.018005857277131904,0.011324352250988077,0.026213406551664837
AML,220,0.05732593184204208,0.045065734020796104,0.07107314523170945
AML,223,0.001635712015853993,1.991875888421759e-4,0.0045581122275470485
AML,232,0.00326682202163023,8.92574248696968e-4,0.007156567382279317
AML,234,0.007370814509914995,0.003356946505488477,0.012837944299714306
AML,236,0.009004313481084224,0.004488367815302938,0.01502181806013855
AML,237,0.01965072431678833,0.012651597863546518,0.02818261519765303
AML,238,0.01968482398878716,0.01267948266196907,0.028168466506950013
AML,239,0.00818615961994517,0.003921861819120492,0.013988699305703452
AML,240,0.001637736420230416,1.9625046951651088e-4,0.00457146019318992
AML,241,0.017212780032547913,0.010650083026221061,0.02523582988401667
AML,242,0.009011950616877746,0.00451919628877291,0.015024717834578595
AML,244,0.01145951411247313,0.006246943602985306,0.018152958109401318
AML,245,0.01883203138238262,0.012011295932018605,0.027144221017223077
AML,246,0.008206604440766355,0.003958102260054041,0.013990052982507889
AML,248,0.0868094332328721,0.07163614611273553,0.10325625788038581
AML,249,0.0040978385061638456,0.0013260004734184266,0.008371457687762523
AML,250,0.0016371772233686552,2.0158788155533934e-4,0.004561249134588324
AML,253,0.0024555526684566418,5.07539462893845e-4,0.0059082296475087455
AML,254,0.005722723664050687,0.002298474278348809,0.010653573534680369
AML,255,0.0032784468164913866,8.886171177038505e-4,0.007159372906122025
AML,257,0.001633231097352616,1.9945966642160828e-4,0.004559653842934505
AML,258,0.004910230595036888,0.0017965750959711905,0.009546410756672556
AML,262,0.0032763507553071457,8.977434806984947e-4,0.007149899289501105
AML,265,0.0073738543594975845,0.0033651057992200206,0.01289029436630882
AML,266,0.011459853152975158,0.006267614309498801,0.01815039062618587
AML,267,0.011451104086263313,0.006258900743281735,0.018070676727517238
AML,270,0.006555853962714402,0.0028305286494449957,0.011835140564468263
AML,271,8.18664439634243e-4,2.0229335753679388e-5,0.003039307335831183
AML,272,0.009837749355721043,0.005091987636883533,0.016096289153393874
AML,273,0.09582083429192235,0.08005230382458106,0.11286768084512404
AML,274,0.005738926705805971,0.0023072762181313715,0.010701140937922758
AML,275,0.011466492781534984,0.006299220757562133,0.018149304751022128
AML,276,0.004092887464851278,0.001330679661962715,0.008386407630432826
AML,277,0.005737441972567603,0.0023049566333514272,0.010705406289273982
AML,278,0.009824237046207572,0.005093930459020434,0.01608856080239799
AML,279,8.184626406994159e-4,2.0969013580429125e-5,0.0030070143860381027
AML,280,0.0057415809099748295,0.0023322792951822663,0.010679163377011192
AML,281,0.009837531711391853,0.00508901197928612,0.016138077504527792
AML,282,0.01882410151165707,0.011941244897774853,0.027157622203718073
AML,283,0.009857623159036535,0.005120215545394799,0.01613255730293106
AML,284,0.001640707653261461,1.9886344672973458e-4,0.0045590138828276
AML,286,0.004925176891248289,0.0018073378139224095,0.009595574379557494
AML,290,0.0024600450507570744,5.027130205055881e-4,0.00592854681207758
AML,300,0.0016368770263676157,2.016140302713419e-4,0.004554382859090195
AML,330,0.002459815607931693,5.077594496061773e-4,0.005894166940512811
AML,331,0.001636717472968991,2.0103973960686327e-4,0.004600149304101334
AML,337,0.013933350452879138,0.008158029161748289,0.021234279105799548
AML,339,8.189116019695949e-4,2.1253769066344833e-5,0.0030237148117580838
AML,344,0.004093318257400786,0.0013251275142742247,0.008365131506320523
AML,347,0.0024579658586467955,5.052437701813007e-4,0.005893524780488162
AML,350,0.0016434450591519653,1.9850759300784173e-4,0.004543298787919978
AML,358,8.17722403241922e-4,2.0826735409968433e-5,0.00301795401139218
AML,366,0.0016356071337956862,1.9611976425356638e-4,0.004524198935174592
AML,387,8.154985107545023e-4,2.047861104102091e-5,0.0030025814330568194
MDS,4,0.0018233291365851998,2.220535734262346e-4,0.005073862200354235
MDS,9,9.105466467075401e-4,2.328004894051945e-5,0.003324759050809133
MDS,11,9.106174424512257e-4,2.2804796605001527e-5,0.0033532314637541027
MDS,23,9.12710950340332e-4,2.2594128028587898e-5,0.0033788047081213285
MDS,39,9.075360340234059e-4,2.3555506859441433e-5,0.0033424818759281213
MDS,46,0.001827671663003926,2.2314789374054976e-4,0.005066149653521582
MDS,47,0.001825325793366697,2.2107870774399203e-4,0.005118764672050152
MDS,48,0.001826173155631787,2.25262351736962e-4,0.005070925106889297
MDS,54,9.123636206984025e-4,2.257289770513414e-5,0.003372616736293306
MDS,72,9.11023074598067e-4,2.369627094273513e-5,0.0033824602291585362
MDS,105,0.002738718526266252,5.693017197159412e-4,0.006597955195039628
MDS,108,0.0054648823820824324,0.002006260708781924,0.010603536306089421
MDS,109,0.0018229605860074192,2.184363834876829e-4,0.005066181554829681
MDS,110,0.007286884153375177,0.003141979080757938,0.013081769305263164
MDS,111,9.134356041747065e-4,2.2764447468515665e-5,0.003373067972581811
MDS,113,0.0027384789358629483,5.690899192264054e-4,0.0066091953625690815
MDS,118,0.0018248880365758556,2.22802459992173e-4,0.00508334959318308
MDS,120,0.0036409843336147234,9.97009637309415e-4,0.007964047521300793
MDS,125,9.124805615354891e-4,2.281681436837742e-5,0.0033520557412860413
MDS,126,0.007294588273105458,0.0031533744431906973,0.013108371971030538
MDS,127,0.003658482007296772,9.951928456859319e-4,0.008042466929580697
MDS,130,0.008203193867337314,0.003770080137473596,0.014263988874869068
MDS,131,0.003644638415339339,9.924428338255167e-4,0.007950113078059578
MDS,132,0.015498676658875341,0.00902346095120355,0.023556468544636184
MDS,133,0.003654847956076346,9.902638159930454e-4,0.007992168973262305
MDS,134,0.0036556807604906693,0.0010062172867947095,0.007987024972885264
MDS,135,0.00637753590249327,0.0025720255665664174,0.011840014467930145
MDS,136,0.0018249969467830837,2.2472379300110583e-4,0.005058594004843715
MDS,140,9.124419749977773e-4,2.2002606071522122e-5,0.003384338434664234
MDS,141,0.008213051746413128,0.0037503696709347495,0.014308911066710754
MDS,143,0.01459818601238929,0.008326602816179415,0.022490061829788677
MDS,145,9.106340044308053e-4,2.305398032749626e-5,0.0033785625088597893
MDS,151,0.013684380285958298,0.0076977609528055616,0.02138442602543254
MDS,152,0.0036469769887583344,9.982785339561929e-4,0.008009078993373765
MDS,154,0.0018209890700433367,2.2094976440198934e-4,0.005074082179646953
MDS,155,0.0018302046538595503,2.201946939460352e-4,0.005148056506790564
MDS,156,0.0027342553235580698,5.627647278430351e-4,0.006581968355222968
MDS,157,0.0054740978042077,0.002005883628987437,0.010635579826890975
MDS,158,0.014611431898373238,0.008396779679047237,0.0225348290140835
MDS,159,0.0054730036972095485,0.0020217528827765983,0.010624002214067667
MDS,161,0.005472126192183855,0.0020084898256889135,0.010619425690982676
MDS,163,0.017335533546535633,0.01050668313642975,0.02582866697466615
MDS,164,0.00546773690929109,0.0020111028506683195,0.010627007747527645
MDS,168,0.0036494894563968263,0.0010015272252000725,0.00800505726956897
MDS,173,0.010038168148313,0.005035662970874354,0.016675117594254583
MDS,174,9.129887846106505e-4,2.2079117142094862e-5,0.0033770944664113884
MDS,175,0.04837760995651581,0.03650351416763379,0.061771436369628126
MDS,176,0.020077397237780712,0.012665411040698377,0.0291970070364348
MDS,177,0.006394923069780897,0.0025844008182927206,0.011913926204869038
MDS,178,0.007304551564876,0.003166115371752634,0.013119993262211546
MDS,179,0.021894174152646575,0.014085500570858462,0.031311005496985976
MDS,181,0.009121391963410958,0.00441040189769946,0.015505598451283653
MDS,190,0.010035905770323254,0.005010849904262403,0.01675688928028519
MDS,193,0.014602240808558225,0.008348342446246588,0.022537254809793825
MDS,194,0.007292468178246439,0.0031716748026759316,0.013151090194508339
MDS,195,0.0228077801215941,0.01481798836868823,0.03241902690125439
MDS,196,0.002739188557630579,5.656854971950652e-4,0.006598054852854376
MDS,197,0.0018352990427512148,2.1999418736097013e-4,0.005100954486471249
MDS,202,9.138515238819173e-4,2.2758212602214155e-5,0.0033581854260400974
MDS,203,0.00547261618598336,0.002010159352555352,0.01064104155665379
MDS,205,0.01005180003483125,0.005035573266654484,0.016761809165951432
MDS,208,0.0027341658072041063,5.627117429379129e-4,0.0065897751729230205
MDS,211,9.07875522095153e-4,2.3182985343987392e-5,0.003346333603011286
MDS,213,0.0027381622900780928,5.64902539544818e-4,0.006601497742163747
MDS,214,0.007296601308556978,0.0031600309932185195,0.01316522265666839
MDS,215,0.011857797402960278,0.006359632454303715,0.019039771645045465
MDS,216,0.0145847552214903,0.008363820753703396,0.02244982107008341
MDS,220,0.06480232570623279,0.051006464731198194,0.08002880614579339
MDS,223,9.108439642383862e-4,2.2944281751786408e-5,0.0033770707275618808
MDS,232,0.0018146465832631512,2.209185431247345e-4,0.00503308761045856
MDS,234,0.007303459334409532,0.003173940508372765,0.013145205682015536
MDS,236,0.006393699181375131,0.0025574846764118116,0.011883656314822681
MDS,237,0.018237029513438703,0.011220070637168407,0.026954008195565978
MDS,238,0.022799832908685216,0.014752723006797636,0.03245028509066958
MDS,239,0.00914611968226556,0.004392505141809106,0.015603175383624652
MDS,240,9.097814400192988e-4,2.3351576616218346e-5,0.00334459971995724
MDS,241,0.013683038263254368,0.007684770104562362,0.021345207760410958
MDS,242,0.009108069645720905,0.004364059709710647,0.01557701742590058
MDS,244,0.009126350382458579,0.004373839562121704,0.015615225603725767
MDS,245,0.015514817150366005,0.009087236532601338,0.023616087775150393
MDS,246,0.004558641068154315,0.001476898994693897,0.00931995564654761
MDS,248,0.09766184164549649,0.08062675214880047,0.1158720237792492
MDS,249,0.0063719171670430464,0.0025836851154144285,0.011880830125162847
MDS,250,0.0036439929830953378,9.999613209084233e-4,0.007984974463790094
MDS,253,0.002740225563181816,5.610938579698556e-4,0.006588323168462706
MDS,254,0.0036375588161044145,9.89981162264753e-4,0.007978600567138188
MDS,255,0.001832541329643663,2.1943030265473372e-4,0.005107867229377566
MDS,257,9.132234787786883e-4,2.2425337418459302e-5,0.0033623867371544887
MDS,258,0.005480882443574025,0.00202406325870603,0.010609087331809099
MDS,262,0.0018205513169349426,2.2199910270954097e-4,0.005060607563979734
MDS,265,0.005471682090832762,0.0020277651215838658,0.010654867248805463
MDS,266,0.00912279463376105,0.004377434791698423,0.01560938294232997
MDS,267,0.009136949732707934,0.004384961209786479,0.015573747101795639
MDS,270,0.00638837865693534,0.0025830829264269417,0.01185997705866722
MDS,271,0.0018324387364488347,2.226275876874622e-4,0.00510091782806655
MDS,272,0.010026810890285806,0.00502938676599259,0.01673328227603285
MDS,273,0.09672065996568507,0.0800760520992613,0.11487905670967527
MDS,274,0.004568582074929288,0.001489521932694763,0.009346116868134323
MDS,275,0.009122078701339058,0.004385130727208229,0.01558337157476442
MDS,276,0.0036503476942274285,9.927266085677751e-4,0.007962008862127215
MDS,277,0.003636842637183493,9.931247546305733e-4,0.007948194825689307
MDS,278,0.012790045910976613,0.0070165014373740455,0.020247773170297405
MDS,279,0.0018234733223981663,2.1675506917407522e-4,0.005059013949425659
MDS,280,0.008206599236079862,0.0037547084015376033,0.014376896548515058
MDS,281,0.008201438039914688,0.003786457176114623,0.014290168516525623
MDS,282,0.016417647243742603,0.009725677496771232,0.024732933646480187
MDS,283,0.006384585180522619,0.002579931676280615,0.011868978161897676
MDS,284,9.131873577134398e-4,2.3611956793973435e-5,0.003359374172963993
MDS,286,0.004554910563477613,0.0014823742201217583,0.009247884969376136
MDS,290,0.0027362440588924388,5.631305239831996e-4,0.006602943102525913
MDS,300,9.168693407461451e-4,2.2718518912404357e-5,0.003383048042675923
MDS,330,0.0027380184866276918,5.625293160617964e-4,0.006598422354559369
MDS,331,9.203086861790085e-4,2.445431604729968e-5,0.003377041849948695
MDS,337,0.012771098053705804,0.0070095937819888545,0.020183487949688078
MDS,339,0.0018324058318508719,2.2361496823401742e-4,0.005101195086213193
MDS,344,0.003661810788631939,0.001002303155203327,0.008023616561357859
MDS,347,0.0018232354592092443,2.2222426898135353e-4,0.005031698615876934
MDS,350,9.162594846854066e-4,2.3907467762238357e-5,0.0033686737814667056
MDS,358,0.001823660680597461,2.2401961513464423e-4,0.005062631606103254
MDS,366,9.087711767765818e-4,2.315895566662804e-5,0.0033351294280587855
MDS,387,0.0018205720717758584,2.190221314284252e-4,0.005046556433029473
AML-MRC,4,0.0010791627179273593,2.7352897333999e-5,0.003961613366397886
AML-MRC,9,0.0010826695364641984,2.6535007284250764e-5,0.00402490898349809
AML-MRC,11,0.0010862105196405706,2.7721692216125716e-5,0.0040141706385963755
AML-MRC,23,0.0010877196990773106,2.7224881520245985e-5,0.004011644927034451
AML-MRC,39,0.002163535916400409,2.63057426537037e-4,0.006026354364061989
AML-MRC,46,0.0010788640581929564,2.7667508173674637e-5,0.003993031871531228
AML-MRC,47,0.0010767836985443296,2.787397439896029e-5,0.003958929558591125
AML-MRC,48,0.0010830901793468454,2.744188840995936e-5,0.004002088993714313
AML-MRC,54,0.001083845842512639,2.742850108095981e-5,0.003993240123801158
AML-MRC,72,0.0010865651857164154,2.772452073651694e-5,0.0040115672812313305
AML-MRC,105,0.0032507368706866245,6.709078326638462e-4,0.007834814393361731
AML-MRC,108,0.003246451453270392,6.776412414163275e-4,0.0077868707699366236
AML-MRC,109,0.0021625408164056238,2.711767306066209e-4,0.0059921983322950454
AML-MRC,110,0.007598519340419683,0.0030796626762007767,0.014118271352983708
AML-MRC,111,0.0021703201612444977,2.612202555130901e-4,0.0060906595370175814
AML-MRC,113,0.0032532179214550673,6.707301116920105e-4,0.007825502598933822
AML-MRC,118,0.0010881957393470846,2.741448902094323e-5,0.0040289445121381405
AML-MRC,120,0.0032502914301086893,6.747237214288713e-4,0.00782469234634671
AML-MRC,125,0.002165841548021423,2.6559275128551767e-4,0.005989079102491352
AML-MRC,126,0.005417502931638983,0.0017662949403278176,0.011107632650190567
AML-MRC,127,0.006511513107741602,0.002384629675343683,0.012636273896648793
AML-MRC,130,0.006495964384789903,0.0023860404728657993,0.012623210214878553
AML-MRC,131,0.004325026651573718,0.001188129157457797,0.009461366847057536
AML-MRC,132,0.017326809898302327,0.009934389740555216,0.026610466714021053
AML-MRC,133,0.002168553923368028,2.6615653715642896e-4,0.00603305359821305
AML-MRC,134,0.0032430862409097766,6.674396264230518e-4,0.007764929611594747
AML-MRC,135,0.00757710254518357,0.0030436596895398586,0.014053765594954512
AML-MRC,136,0.0010824148357003913,2.714561601686893e-5,0.004012289690280287
AML-MRC,140,0.0010898241413282578,2.8149943360030088e-5,0.004020671480446197
AML-MRC,141,0.007576601998085821,0.0030397113172090408,0.01418665862970192
AML-MRC,143,0.011903089512689664,0.005937005244561158,0.019796784402454554
AML-MRC,145,0.001079990527349452,2.7589738147089316e-5,0.0039665427178891795
AML-MRC,151,0.014099854365914495,0.007530465484085308,0.022597106391489798
AML-MRC,152,0.0021649831178838703,2.5532334627125777e-4,0.006019572921015919
AML-MRC,154,0.0021651046960477175,2.6106914987995025e-4,0.006018657669079136
AML-MRC,155,0.002169954917235853,2.6537334582970825e-4,0.006017763234451537
AML-MRC,156,0.004334289770385533,0.0011894847543440414,0.009480758641832223
AML-MRC,157,0.0065155686816536565,0.0024079968066746528,0.01262324921570929
AML-MRC,158,0.010850783177691569,0.005214591293429691,0.01846298871331836
AML-MRC,159,0.004332633269417754,0.001183509601255306,0.009480508944807004
AML-MRC,161,0.00541989405300226,0.0017626613495379416,0.011092454803537648
AML-MRC,163,0.017336896001530783,0.009960165028616949,0.026639966430449375
AML-MRC,164,0.0043283471653704116,0.0011835320154625236,0.00948216685478841
AML-MRC,168,0.004317584654093022,0.0011839195686805966,0.009443864637739512
AML-MRC,173,0.010836510340686346,0.005225466053304335,0.018526023336447418
AML-MRC,174,0.0010801459352081353,2.662797810852098e-5,0.003979955242585433
AML-MRC,175,0.049825231056641314,0.036784202100295225,0.06467903869569233
AML-MRC,176,0.017349806505868225,0.00999674715315608,0.02675995335122252
AML-MRC,177,0.004333486839938828,0.0011873749805545095,0.009483068778748356
AML-MRC,178,0.006497513741734505,0.002400829490446171,0.012559732461357094
AML-MRC,179,0.023842536139381452,0.015036698640796793,0.03462200566757369
AML-MRC,181,0.00649847464954183,0.00239527507268606,0.012575393191176813
AML-MRC,190,0.006491648515140424,0.002394639054664784,0.012601606149964948
AML-MRC,193,0.012997542042950784,0.006745166793372224,0.021262519547631233
AML-MRC,194,0.00865696142175002,0.003757766080234793,0.01551353541873812
AML-MRC,195,0.020570460668512904,0.012425614605258059,0.03063988389770728
AML-MRC,196,0.0032605719341163154,6.717295137230432e-4,0.007830660886183949
AML-MRC,197,0.0010819990729610354,2.77407559789073e-5,0.003992582763320726
AML-MRC,202,0.0010840745898516863,2.666115767313333e-5,0.003978826773421444
AML-MRC,203,0.004330823652414957,0.0011881659380194014,0.009495934842392063
AML-MRC,205,0.008668363239034893,0.0037870363780425917,0.015535998458955678
AML-MRC,208,0.002156161732888025,2.666278904837211e-4,0.005995745583812137
AML-MRC,211,0.00108549162010391,2.8032680116517654e-5,0.003974778588564855
AML-MRC,213,0.0021716227408582933,2.609566813135228e-4,0.006045506014048416
AML-MRC,214,0.006490358332682611,0.002388644584961698,0.012550819094725418
AML-MRC,215,0.011902556557915263,0.005942966130145499,0.019856348556933686
AML-MRC,216,0.01947935933828205,0.011613964267342876,0.02924093499086565
AML-MRC,220,0.06395420528630741,0.049110672848382594,0.0806177910166102
AML-MRC,223,0.0010863519889536572,2.866213994875075e-5,0.003985886353532096
AML-MRC,232,0.0021655524323065493,2.61648170565568e-4,0.005997873463569882
AML-MRC,234,0.007572241052486784,0.003050292796453515,0.014096080875565499
AML-MRC,236,0.006497070203331538,0.0023908507591887357,0.01261891694075104
AML-MRC,237,0.02167177858251764,0.013344850821257173,0.031899385413178834
AML-MRC,238,0.020578270347971526,0.012467192320687942,0.030669671286863202
AML-MRC,239,0.008664425639387976,0.0037539424412578607,0.015469880452093418
AML-MRC,240,0.0010890262611799328,2.677617910848909e-5,0.004030488948782094
AML-MRC,241,0.013021842899196133,0.006748779944644722,0.0212838013092994
AML-MRC,242,0.011930090834227658,0.005943191766527257,0.019971619773067655
AML-MRC,244,0.013009491196594976,0.006753244803199919,0.02127077265841764
AML-MRC,245,0.01732448558487946,0.00993842134978119,0.026719117688598477
AML-MRC,246,0.005416536091358814,0.0017640491439307759,0.011067396006844022
AML-MRC,248,0.09425317968931057,0.07630307903723389,0.11390404971526412
AML-MRC,249,0.004332936613033969,0.0011854936904099817,0.009452083924980292
AML-MRC,250,0.002176302356081693,2.612232617719031e-4,0.006043074434148223
AML-MRC,253,0.0021616371164740336,2.655947860039423e-4,0.006019258432084665
AML-MRC,254,0.005414575780584931,0.001767931825900724,0.011062544349824878
AML-MRC,255,0.002167532446016939,2.571880540576785e-4,0.0060513781881883656
AML-MRC,257,0.0010880434995260983,2.831865590353975e-5,0.004017535863427044
AML-MRC,258,0.00433729903835487,0.0011860395748850645,0.009482837791246776
AML-MRC,262,0.0021707365492188734,2.6113912703569427e-4,0.006003466313113646
AML-MRC,265,0.005425225148763134,0.0017585045661847125,0.011076342161801398
AML-MRC,266,0.013006157633669793,0.006719275677505488,0.021228258516375276
AML-MRC,267,0.008683385984245617,0.0037354706583221874,0.015539642224164351
AML-MRC,270,0.0054270864841514214,0.0017596995339448159,0.011139201396901909
AML-MRC,271,0.0010761526489854842,2.6692435525066838e-5,0.0039874564364586265
AML-MRC,272,0.009740563048384344,0.004495251645731846,0.016975129896510496
AML-MRC,273,0.10077175528717396,0.08226756370382436,0.12093223777948225
AML-MRC,274,0.004332110212095858,0.0011881665497744205,0.009478869292107625
AML-MRC,275,0.008677201127304893,0.003737080919190721,0.015608132874130433
AML-MRC,276,0.003245149359339844,6.680381189516039e-4,0.00781307792485138
AML-MRC,277,0.005423082613617123,0.0017567746967953163,0.011136030236501157
AML-MRC,278,0.01081895201465599,0.0052033796767681,0.01846155082620335
AML-MRC,279,0.0010865336590867517,2.8085164341226916e-5,0.003989036756074816
AML-MRC,280,0.008669655452837093,0.00373634810108265,0.015562925218744151
AML-MRC,281,0.011911904639848456,0.006003638653581343,0.019796767434830467
AML-MRC,282,0.01624683705733547,0.009117859103137062,0.025327975848569877
AML-MRC,283,0.009735116508882405,0.004484048587129887,0.017047729695294486
AML-MRC,284,0.001080890508357091,2.8039545658456973e-5,0.0039666891197975476
AML-MRC,286,0.005426631641675014,0.0017794546124040944,0.011034327578515489
AML-MRC,290,0.0021648050264048433,2.614654889921486e-4,0.006020177099461492
AML-MRC,300,0.001081766048234339,2.689817911579853e-5,0.003990798859040227
AML-MRC,330,0.0021688058331155815,2.591704916558439e-4,0.0060344185284552055
AML-MRC,331,0.0010882227931576299,2.6909472263122634e-5,0.0040174471563344145
AML-MRC,337,0.014084649480142089,0.007561406551960424,0.022611286021906717
AML-MRC,339,0.0010810499770833536,2.5870634511029487e-5,0.003985126338812309
AML-MRC,344,0.00324342109783682,6.728080567596036e-4,0.007789927044846357
AML-MRC,347,0.0032555911592338014,6.713352936215699e-4,0.007803875314714138
AML-MRC,350,0.0010880653217593815,2.7186533615977492e-5,0.004034343735941015
AML-MRC,358,0.0010843159840544568,2.733414871830632e-5,0.003968044930680726
AML-MRC,366,0.0010851007096969556,2.7350670087251258e-5,0.003990949217965124
AML-MRC,387,0.0010865661774346316,2.7116441701852654e-5,0.004009488913297206
